IngredientID,IngredientName
0,chicken breast
1,vinegar
2,potato
3,salt
4,pork
5,beef
6,flour
7,paprika
8,cucumber
9,zucchini
10,bacon
11,egg
12,onion
13,oil
14,tomato
15,whipping cream
18,bread
20,bell pepper
21,sauce
22,pepper
25,butter
27,wing
29,sauerkraut
30,roll
32,parmesan cheese
35,turkey
36,®
37,salt spike
38,cranberry
39,smith apple
41,garlic
42,mayonnaise
43,bean
44,water
48,sugar
49,powder
54,lemon
56,honey
57,basil
59,salsa
61,cumin
62,caraway seed
63,yeast
64,mozzarella cheese
66,lemon pepper
68,chicken
69,pepper sauce
73,spinach
77,apple cider
78,parsley
82,romaine lettuce
84,margarine
89,brown sugar
90,paste
92,mustard
93,corn
94,oregano
95,monterey jack
97,thai seasoning
100,taco
104,cilantro
113,cabbage
114,cream cheese
115,pork loin
120,container cream
121,shoulder
124,dinner
128,cola
129,dill
131,rib
137,rotini
140,mushroom
141,fajita
147,pasta
150,mix
152,carrot
155,vegetable
158,chunky
160,chilies
161,cheddar
162,okra
166,rice vinegar
168,buffalo sauce
169,cajun
175,ketchup
185,avocado
187,celery seed
192,frozen
195,broth
196,alfalfa
198,broccoli
201,celery
203,milk
208,swanson
211,crust
213,wine
214,cream
218,tomato liquid
221,cooking spray
227,apple
235,sausage
239,style bean
240,tater
244,vidalia
245,barley
247,fluid
250,pomegranate juice
254,country
256,fig
267,fettuccine
268,chili powder
270,removeds breast
274,shallot
275,worcestershire sauce
276,coriander
280,'s
284,ginger
285,bay
288,ham
289,thyme
294,bouillon
300,seasoning
302,cardamom pod
304,chive
305,bison
306,rice
309,onion powder
312,prosciutto
315,sirloin
320,olive
321,yukon
323,nutmeg
325,bell
331,dijon mustard
341,cornstarch
346,beef broth
350,gruyere cheese
353,shrimp
361,shank
366,baby
367,button
369,apple cider vinegar
370,® slow
371,bun
376,curry powder
378,coconut milk
379,pea
389,lettuce
392,guacamole
400,pasta sauce
401,chili bean
402,tortilla
410,lavender
412,peppercorn
416,tomato chile
423,food velveeta
427,beef bouillon
441,turmeric
446,chayote squash
452,cayenne
453,hash
455,teriyaki sauce
458,cheese
467,bean sauce
468,peanut butter
471,breast
477,poblano pepper
481,lime
483,peanut
485,soy sauce
496,mustard powder
514,asparagus
516,heart
533,pine nut
535,pear
536,lemon juice
537,kielbasa
539,relish
541,tomato juice
542,jalapeno pepper
555,sausage hillshire
561,spaghetti squash
563,grape
569,raisin
572,virgin oil
583,stew meat
584,walnut
587,wine vinegar
588,kidney bean
590,beet
599,culantro
600,tart apple
613,cayenne pepper
616,sazon
623,adobo seasoning
626,cooking oil
628,plantain
648,beef tenderloin
649,chicken wing
650,beef kidney
659,puff pastry
663,pork sausage
669,harina
695,lasagna noodle
697,chile
699,rabe
710,cinnamon
718,herb
733,corn tortilla
736,marsala wine
748,elbow
749,chicken broth
752,pork stock
762,island
778,barbeque sauce
805,grass
808,dijon style
812,sesame seed
818,belgioioso fresh
824,provence
842,apricot
845,ginger root
850,apricot preserve
859,lime juice
861,phyllo dough
863,apple juice
867,almond
873,salad
879,tomato paste
888,container
895,cox
897,apple ring
901,cider
906,picante sauce
916,pancetta
918,steak
920,pork shoulder
929,shichimi togarashi
930,cooking wine
933,beer
935,beet liquid
940,orange juice
942,pear juice
944,oyster sauce
952,chuck
961,applesauce
963,juice
968,buttery
972,chili pepper
974,orange
985,taco sauce
987,sesame oil
988,sage
989,tomato puree
999,mushroom sauce
1008,bok choy
1028,waffle
1029,bulk sausage
1033,delicious apple
1045,lasagna sheet
1059,tub
1061,tandoori paste
1067,chili
1073,baby arugula
1103,lentil
1133,phyllo shell
1137,portobello
1146,rump
1156,blend
1171,eggplant
1184,mushroom liquid
1191,molasses
1196,skewer
1214,gravy
1220,wrapper
1233,rum
1235,soy
1236,pizza sauce
1237,pork rib
1244,kaiser
1255,cornflakes
1262,curry paste
1268,sweet relish
1278,broiler
1280,chicken stock
1283,fennel
1288,pimento
1290,asian chile
1292,ragú
1300,stock
1302,pineapple
1319,peanut oil
1328,ginger paste
1329,garam masala
1333,yogurt
1344,chicken liver
1346,guajillo chilies
1347,beef meat
1350,pasilla chile
1354,toothpick
1357,pineapple juice
1383,® traditional
1388,guava
1389,rice wine
1413,jalapeno chile
1416,crouton
1431,gin
1441,cider vinegar
1447,canola oil
1448,hoisin sauce
1477,sherry
1480,corn flour
1516,allspice
1519,habanero pepper
1535,chili sauce
1537,ranch dressing
1548,iron
1564,kale
1569,cabernet sauvignon
1572,gorgonzola
1582,baby spinach
1583,pizza
1589,star anise
1591,chinese spice
1593,mirin
1604,mushroom soup
1605,poultry
1619,chicken meat
1644,baking powder
1654,lamb
1658,chutney
1671,mix hidden
1678,ranch
1701,herb stuffing
1706,turkey breast
1708,anchovy
1711,process cheese sauce
1716,pecan
1723,dijon originale
1727,rye bread
1732,pepperidge farm
1747,turkey meat
1756,stir
1768,bulk
1780,chicken soup
1783,sake
1822,rosemary
1835,radicchio
1843,rom
1859,spaghetti
1880,veal
1889,beef consomme
1892,giant
1902,beef brisket
1908,maple
1912,seed
1913,steak sauce
1919,original
1931,pearl onion
1943,barbecue sauce
1958,dill pickle
1960,sauerkraut juice
1968,con
1976,beef tripe
1980,hominy
1983,round london
2001,pepper seasoning
2030,glutamate
2040,brussels
2048,coleslaw
2049,roast
2056,noodle
2073,meat
2074,ricotta cheese
2077,biscuit
2080,brown potato
2083,sirloin steak
2114,venison
2115,rutabaga
2128,garden cream
2145,serrano chile
2149,progresso
2176,fenugreek seed
2179,wedge
2185,cotija
2187,bibb
2194,blue cheese
2196,petite pea
2199,tarragon
2204,mint
2206,dripping
2216,parsnip
2217,turnip
2253,san marzano
2264,suzyq
2283,corn oil
2309,mace
2324,ice water
2334,almond meal
2363,romano cheese
2377,chip fritos
2381,pie crust
2400,baking mix
2412,baby bella
2426,maple syrup
2455,cornmeal
2462,asiago cheese
2463,baking soda
2506,spray pam
2508,glen®
2517,acinus
2588,french onion
2596,montreal
2620,sriracha sauce
2626,rice vermicelli
2638,sprout
2649,cooking
2656,consomme
2677,pepperoni
2720,dry
2735,parmigiano reggiano
2740,crumb
2766,thai style
2767,chip
2775,banana
2776,coconut rum
2780,serrano pepper
2790,fluid juice
2793,tomatillo
2809,syrup
2819,salt lawry
2827,shiitake
2833,johnsonville
2842,tidbit
2848,boston butt
2862,pickle juice
2867,jambalaya
2871,charcoal
2873,beef stock
2878,wood
2881,guinness
2884,beer budweiser
2901,chinese
2911,light zesty
2922,briefly
2923,less fat cream cheese
2925,grated
2929,pumpkin
2952,tomato seasoning
2953,corn relish
2995,prune
3013,liquid
3014,saffron
3018,garlic oil
3021,rice noodle
3029,fish sauce
3033,sargento
3059,beef shank
3132,celery soup
3161,cashew
3172,pinot
3220,squash
3236,mango
3248,blueberry
3249,biscuit dough
3251,marjoram
3263,jar
3269,pesto sauce
3273,ginger shoga
3282,seaweed
3294,choy
3296,duck breast
3303,pickle
3313,nonstick cooking
3350,hickory smoke
3373,orange peel
3376,rhubarb
3388,floret
3392,apple sausage
3401,pea pod
3422,chile sauce
3429,field
3448,soup
3452,sazon seasoning
3457,skirt steak
3465,® gluten
3466,fettuccini
3543,baking potato
3573,flavor
3584,package
3611,provolone cheese
3665,bouillon powder
3678,cajun blend
3687,sour cream
3695,oxtail
3708,® extra
3717,gram
3727,panko
3745,crumbles
3759,banana pepper
3776,sandwich
3777,curd
3782,beef chuck
3810,carton campbell
3868,tahini
3872,tip
3896,tomato sauce
3911,leek
3935,ac'cent
3955,beef rib
3968,meat tenderizer
3973,thai chile
3983,ramen
3991,orange marmalade
4000,sugar pea
4024,count
4050,tenderloin
4053,verde
4061,date
4098,gizzard
4105,chicken drumstick
4114,potato pepper
4121,style
4140,jasmine
4152,beef steak
4158,pre
4179,crescent
4220,bratwurst sausage
4234,dill weed
4235,nut
4257,sherry wine
4295,turkey sausage
4319,pocket bread
4335,cocoa powder
4336,tabasco
4354,fennel seed
4369,tart
4381,masa flour
4382,pepper paste
4390,style cheese
4393,apple brandy
4400,chihuaua
4406,kitchen twine
4409,wrap® heavy
4413,rib roast
4442,chile paste
4453,swiss chard
4458,herb bread
4469,coconut
4480,butternut squash
4514,strawberry jam
4517,buttermilk
4523,pepper jack
4561,frozen bean
4579,jarlsberg
4587,light cream
4594,game
4605,jalapeno
4619,plum wine
4686,crescent dinner
4696,marinara sauce
4747,romaine
4758,mozzarella
4773,biscuit biscuit
4776,andouille sausage
4806,food eg velveeta
4826,puree
4831,praline liqueur
4832,caper
4847,demi
4857,root
4879,tri
4882,® teriyaki
4889,snow pea
4894,chipotle
4972,plum sauce
4995,sunflower seed
4997,meatball
5003,park® hamburger
5024,dia
5030,sweet paprika
5039,cornbread
5059,pepperjack cheese
5089,pork rub
5093,granule
5096,cracker
5106,beef %
5111,chili paste
5128,macaroni
5139,base
5179,scallion
5201,pie shell
5215,wheat
5229,tomato soup
5233,carcass
5252,goat cheese
5339,kraft shredded
5358,kalamata
5371,cranberry sauce
5385,spread
5394,hummus
5405,vodka
5417,turkey wing
5422,bag blend
5431,strip
5479,merlot
5517,matzo meal
5526,dressing
5559,kimchi
5587,apple peel
5605,muenster cheese
5695,orzo
5716,diced
5718,baguette
5746,tyson® grilled ready® frozen fajita chicken breast
5747,crisco
5770,broccoli cheese
5801,cognac
5836,roquefort cheese
5852,lemon grass
5867,bacon rind
5948,plum jam
5965,louisiana
5972,birds eye
5993,coffee
6013,carb
6061,cocktail
6070,chile pepper lengthwise
6118,tomato ketchup
6124,farfalle
6137,fideo
6157,mignon
6161,corn flake
6169,joe sauce
6185,old
6187,tail
6190,spring
6200,cardamom
6223,chicken sausage
6245,stuffed
6257,port wine
6320,lea perrins
6405,yam
6406,baby turnip
6437,cauliflower
6480,pork bean
6484,watercress
6489,pepper juice
6491,®/best
6496,drumstick
6498,celeriac root
6514,cajun seasoning
6516,store
6537,brine
6573,hock
6575,bourbon whiskey
6609,butter kerrygold
6629,boston pork
6635,beef oxtail
6643,carton broth
6650,bonnet chile
6659,jack cheese
6689,blend vegetable
6694,orange bell
6709,reserve juice
6714,tomato chili
6729,pheasant breast
6766,chile sauce sriracha
6772,lime marinade
6784,teriyaki marinade sauce
6787,currant
6815,parmesan reggiano
6837,dill relish
6843,fun hair
6966,chili oil
6994,thai peanut
7012,chocolate
7053,celery rib
7055,quinoa
7064,cottage cheese
7089,potato flake
7096,milk powder
7111,cumin seed
7131,curry
7140,zinfandel wine
7182,preserve
7193,whole chicken
7210,pastry
7228,concentrate
7229,italian
7288,pie spice
7296,wing sauce
7313,strawberry
7318,linguine
7321,beef sirloin
7356,ghee butter
7421,masala
7428,spice powder
7442,plum tomato
7458,smithfield
7462,cherry
7584,dough
7588,lemongrass
7599,oyster
7600,giblet
7672,hickory
7674,tamarind juice
7724,tofu
7726,shirataki
7728,enoki
7766,madras
7798,cutlet
7808,shell
7817,russet
7837,rabbit
7865,corn bread
7871,grape juice
7899,dog
7900,horseradish
7910,dog bun
7955,salami
7958,submarine
7979,ale
8003,oat
8018,spray
8047,coriander seed
8127,vanilla yogurt
8130,almond extract
8260,chilli
8288,swiss
8319,mexico
8360,chile powder
8424,squid ink
8447,® diced
8453,college inn
8457,polenta pasta
8494,baking
8500,hoagie
8583,creamer
8671,onion soup
8704,muscovado sugar
8724,thai curry
8725,turkey carcass
8732,co.™
8737,habanero sauce backdraft fire sauce
8755,jalapeno cream
8767,top
8778,liter
8783,beef bacon
8793,flaxseed meal
8853,shoot
8916,chunky applesauce
8930,manicotti shell
8931,food coloring
8942,parsley cilantro
8950,balsamic vinegar
8955,cardamom seed
8965,ring
8984,summer squash
9025,chervil
9036,stove
9039,corn tostada
9063,bag broccoli
9078,fresco cheese
9148,cod
9165,container dough
9194,celery salt
9263,browning sauce
9288,macaroni dinner
9305,pheasant
9310,pearl barley
9321,wesson® vegetable oil
9341,dry crumb
9355,mustard moutarde
9378,chow
9405,lean
9408,hunt
9418,parsley mint
9450,chard
9462,pesto
9472,crimini
9487,baby kale
9514,style pepper sauce
9590,cinnamon bun
9612,brie
9629,potato fry
9648,tomato chili sauce
9657,garbanzo bean
9669,persimmon
9714,mini
9735,corn liquid
9812,dry sherry
9841,starch
9872,tomato chilies
9881,dip
9891,carton cream
9900,spicy bean
9924,coconut amino
9968,thai rice
9977,fluid sauce
10141,flake
10222,wonton
10234,barbeque
10252,fatback
10255,pinto bean
10258,orecchiette pasta
10263,tomato pasta
10265,clam juice
10269,broccolini
10280,clam
10359,kc masterpiece
10375,enchilada sauce
10401,pierogies
10406,corn syrup
10415,pickle pickle
10445,pizza dough
10485,gouda cheese
10528,apricot jam
10529,saltine cracker
10641,hillshire
10644,rub
10655,venison meat
10693,bag
10698,chili blend
10705,smoke
10730,crab boil
10747,best
10794,bologna
10831,hanout
10856,islands
10859,kosher pickle
10879,wagon
10895,chop
10911,spear
10948,anise seed
10962,thick
11058,ciabatta
11120,crispy rice
11136,giant™
11147,blend cheese
11192,argo
11309,adobo
11312,peanut sauce
11340,frisee
11350,chili sauce sriracha
11385,morel
11398,monterey jack cheese
11405,beef roast
11424,adzuki bean
11488,escarole
11535,cooking spray pam
11545,luncheon
11556,peach preserve
11581,maraschino
11595,muffin
11601,hollandaise sauce
11628,bite
11736,thai chilies
11743,pita
11771,leg
11783,miso paste
11815,pace
11871,serving
11887,beef dripping
11928,*
11958,hazelnut
12002,pecorino romano
12018,salad dressing
12038,ocean spray
12041,brandy
12139,bitter melon
12176,bella
12291,peach
12322,meatless
12343,daikon
12373,frankfurter
12377,spicy
12427,sheet
12485,cooking sherry
12490,zucchini squash
12526,fry
12558,anaheim california
12583,cheesecloth
12589,sumac
12595,biber
12658,gelatin
12687,mustard seed
12703,dark rum
12779,habanero
12780,anaheim
12801,corn chip
12821,food
12831,bag lettuce
12834,chorizo sausage
12835,beef sausage
12859,poblano chile
13025,delicious
13091,verde salsa
13092,butter sauce
13112,bell strip
13159,cubanelle
13160,duck
13168,cooked
13228,vanilla extract
13232,jack
13252,stout
13284,kochujang sauce
13296,lager
13308,part
13509,wheat flour
13511,tidbit juice
13535,tie
13538,coleslaw dressing
13619,whiskey
13646,thigh
13667,jam
13674,ro *
13683,gochujang paste
13691,blackberry
13708,simply
13713,farms
13724,tequila
13728,sausage ring
13744,soy bean
13755,turkey bacon
13781,tuna
13820,whole tomato
13826,bay scallop
13855,irish
13942,cucumber brine
13971,sucralose
14076,medium
14079,porcini
14088,breakstone
14102,milk shredded
14107,seedless raisin
14131,pimiento
14139,cannellini bean
14165,beef tongue
14236,monde ™
14279,pork meat
14336,® old
14349,slider
14377,frog
14412,lean %
14418,crust dough
14549,espresso bean
14580,fillings
14618,beef soup
14641,container broth
14678,asian sesame
14727,macintosh
14757,shaoxing wine
14759,tangerine juice
14768,celery flake
14775,coconut oil
14819,carlo rossi
14823,potato starch
14878,stem
14930,roll dough
14987,graham
15017,calf liver
15053,pasta sauce prego
15178,goya
15197,moisture
15252,savoy cabbage
15268,sesame salad
15271,green chile pepper
15313,duck egg
15348,bow
15404,almond flour
15421,great
15524,beverage
15533,del monte
15592,inn
15636,mayer
15670,macaroni cheese
15724,liquid smoke
15748,corona
15789,dole
15791,salsa juice
15865,trimming lettuce
15913,pork sauce
15927,chicken gizzard
16031,berry cranberry sauce
16049,dry lentil
16110,lollipop
16125,catalina
16126,split
16142,gala
16163,style tomato sauce
16273,section
16288,tomatillo salsa
16349,box
16406,english cucumber
16437,plum
16443,ancho chile
16444,pumpkin seed
16492,almond paste
16502,green
16503,grands
16551,paste sauce
16631,thai paste
16657,polenta
16664,wrap® aluminum foil
16817,queso
16873,gochujang chile
16887,sweet sauce
16921,creole style
16963,raspberry
16995,provolone
17045,prawn
17063,cremini
17108,acinus di
17155,beef luncheon
17190,gingerroot
17272,bean juice
17396,belgioioso unwrap
17403,spring lettuce
17503,rotelle pasta
17564,maple pancake
17605,weed
17619,cane vinegar
17625,vermouth
17630,sweet vermouth
17642,spaghettini
17702,caesar salad
17736,beef gravy
17754,brussel
17822,lemon peel
17841,dark raisin
17872,millet flour
17883,file powder
17919,herb blend
17948,blackstrap molasses
18032,grease
18096,tamarind paste
18137,maple bacon
18193,dill seed
18223,chipotle chile powder
18287,flavor crouton
18305,white®
18328,gourd
18345,soy vermicelli
18411,crabmeat
18451,adobo sauce
18523,mushroom portobello
18548,ice cube
18595,vino seco
18641,aluminum
18767,potato bread
18770,pudding
18775,mayonnaise hellman
18911,string cheese
18918,cajun style
18951,pork roast
18969,potato noodle
19023,pulp
19043,mushroom juice
19049,beet juice
19089,bourbon
19257,non
19264,cuban
19299,tomato oil
19304,skirt
19309,roasted
19321,menu
19471,kiwi
19483,shortening
19521,chestnut
19524,can soup
19617,bibb lettuce
19640,lengthwise
19645,tentacle
19687,calamari
19716,thai basil
19746,bartlett pear
19799,pickling spice
19816,rind
19830,harissa
19873,spice
19905,tenderloin steak
19978,tapioca
19991,tomato herb
20056,cheese herb
20090,kraft
20111,mrs.
20145,gala apple
20233,soup campbell
20282,creole seasoning
20289,boston lager
20296,tex
20340,breadcrumb
20345,apple butter
20382,removeds
20446,cactus
20497,herb butter
20519,arugula
20577,tomato pepper
20583,syrah
20654,® chili
20660,crock
20723,jones
20803,packet
20857,pimenton
20905,diamond
20910,mortadella
20913,appetizer
20930,tortellini
20936,fennel bulb
20996,ditalini
21028,pesto classico
21118,stick
21132,apple cinnamon
21134,orange preserve
21240,boil
21275,crispy tostada
21291,beef veal
21382,panquehue cheese
21451,pork liver
21484,brisket
21554,meat extract
21567,chardonnay
21597,veg
21660,mesquite
21673,demerara sugar
21681,soda
21717,extract
21739,kernel
21746,wooden
21749,bit
22041,style tomato
22045,style sauce
22086,artichoke
22157,foot
22271,jasmine rice
22272,creme fraiche
22279,aleppo pepper
22287,blossom
22347,sriracha
22348,goat
22352,salad oil
22433,calorie
22436,hoagie bun
22440,tarragon vinegar
22625,carton
22636,hawaiian
22663,maui
22674,thread cellophane
22747,ritz crackers
22826,manchego cheese
22827,crusty
22829,cilantro root
22898,summer savory
22932,thai sweet
22936,chickpea
22952,tomato sauce prego
22992,oil spray
23063,cooking tapioca
23092,pickling salt
23136,marmalade
23158,lemonade
23166,soman noodle
23207,gyoza
23319,style tomato sauce el pato®
23361,parmesan romano
23408,park® original hamburger
23456,bamboo shoot
23470,sofrito sauce
23473,mix *
23579,crispy
23590,scallop
23624,fusilli
23641,radish
23771,crosswise
23817,champagne
23964,hidden
23970,caper juice
23991,milk greek
24095,apple filling
24166,farms™ chile powder
24177,farms™ ground
24197,just bare
24266,pepperoncini
24297,caribbean jerk
24360,steak sauce dale steak
24361,style corn
24374,chipotle chile
24394,salmon
24444,tender
24487,gouda cheese strip
24524,panko bread
24533,sugar dusting
24597,collard
24605,sausage stuffing
24701,stew
24704,bulgur wheat
24740,product velveeta
24783,venison steak
24795,virginia ham
24872,kalbi
24877,loaf velveeta
24900,croissant
25091,vinaigrette
25105,backstrap
25132,dave insanity
25172,cooking sauce
25185,bolillo
25199,no
25204,potato gnocchi
25221,rice flour
25294,major grey
25317,dry peanut
25396,sun
25433,tahini seed
25621,swiss cheese
25717,sangiovese
25748,chinese cabbage
25756,ball
25757,english muffin
25768,sum
25818,beef liver
25841,havarti cheese
26049,tamari soy sauce
26094,baby portabella
26097,progresso™
26104,annatto powder
26120,fry sauce
26121,® steamfresh
26206,bottle chardonnay
26249,dog inch
26434,scape
26453,tempura
26504,dumpling
26541,baby portobello
26562,chipolata
26727,foil
26784,pepper chilaca
26803,turkey tenderloin
26882,seasoning tm
26911,poultry seasoning
26919,sun oil
26926,tofutti ®
26961,poblano chilies
27133,broil
27240,acado™
27243,joe
27265,chipotle sauce
27320,wondra
27460,box near
27466,mizithra cheese
27487,chunky salsa
27488,dijon salad
27548,asian pork
27574,sichuan peppercorn
27581,doubanjiang
27645,celery stick
27711,crispy bacon
27752,wasabi paste
27774,cabernet merlot
27810,corn niblets
27906,chile pod
27979,champagne vinegar
28028,arrowroot
28118,peach syrup
28151,oz
28205,masa harina
28266,beef demi
28320,tomato basil
28327,bloody
28502,turkey drumstick
28552,smith apple wedge
28603,wood chip
28632,jalapeno stuffed
28647,base paste
28782,edamame
28847,thai fish
28897,cabbage *
28905,rack
28930,caesar style
28974,arborio rice
29000,® oven
29034,shaoxing rice
29084,onion sesame seed
29148,beef loin
29309,kelp
29331,liver
29346,neufchatel
29393,sliver
29468,foie
29674,grilling
29790,teriyaki
29810,® paprika
29814,chile pepper
29825,chitterlings
29875,purple
29955,beef frankfurter
29971,mushroom chanterelle
30018,polish kielbasa
30035,bone shoulder
30069,curry sauce
30076,pasta farfalle
30136,pico salsa
30139,thai chili
30155,fresco
30170,feta
30227,fruit
30228,fruit peel
30288,sweet capicola
30296,capicola
30320,green pepper sauce
30371,wrap® non
30392,bag cheese
30437,flatbread
30513,english mustard
30558,pico
30588,container cheese
30624,park® tailgaters
30647,bearnaise sauce
30774,fino sherry
30865,bone
30911,® taco
30912,succotash
30928,pickle brine
30984,lard
31022,pork butt
31069,angel
31074,chourico sausage
31087,madeira
31093,banana ring
31099,chinese pork
31136,guajillo chile
31258,tahini paste
31286,grey
31321,parmesan
31330,basil parsley
31439,garlic teriyaki
31466,style soup
31514,lobster
31548,® shredded
31600,apple chutney
31871,sauce texas
31884,dairy cream
31890,chive onion top
32033,costco
32052,crosse blackwell
32085,chipolte
32224,slab
32267,pureed
32323,blend *
32327,savory
32422,thai sauce
32511,jack cheddar
32578,cocktail sauce
32624,filet
32815,malt vinegar
32863,brown patty
32871,corn chip fritos
32883,apple sliver
32901,® mustard
32910,® garlic
32928,® cloves
32952,sherry vinegar
32978,pepperoncini juice
33061,whole grain
33073,style meatball
33095,silk
33118,lime dia
33127,dry cashew
33130,squirrel
33162,southern
33213,armagnac
33217,pomegranate molasses
33260,crema cream
33262,tortilla chip
33284,kansas
33679,york
33889,dole butter
33940,strawberry preserve
33956,chile oil
33969,® bacon
33988,vanilla
33990,gallo
34079,riesling
34181,tomato garlic
34286,gewurztraminer
34362,baby salad
34367,ring juice
34467,chipotle powder
34480,jerk
34485,marinade
34507,bone steak
34517,brown rice
34607,shiner
34773,kidney
34801,stone
35021,bag tortilla
35043,cayenne sauce
35142,third
35156,goya extra
35167,goya powdered
35172,finely
35198,rigatoni
35247,cheese inch cube
35344,pepper seed
35418,chili seasoning
35463,halibut
35559,crown
35574,barilla gluten
35756,giant niblets
35951,sage pork
35989,cedar
36012,thai bird
36045,corn taco
36069,mostaccioli
36100,chili garlic
36110,bottle
36117,link
36240,cavatappi
36255,peanut satay sauce
36265,fajita seasoning
36266,product
36431,potato cooking
36543,grapefruit
36546,coconut meat
36587,process
36663,lima bean
36722,peel
36736,prague
36740,matchstick
36747,casing
36763,pate
36764,caul
36829,rice cereal
36834,chex
36836,cereal
36844,snack
36896,glazed
36923,honeydew
37294,hamburger
37410,vanilla ice cream
37514,buffalo
37560,burrito
37631,feta cheese
37653,flake cereal
37669,oz breast
37674,cooky
37729,english pea
37736,pork rind
37776,rao
37795,glaze
37808,pod
37853,bowl
37863,polskie
37947,club house
38004,burger bun
38117,bratwurst
38153,razor
38166,sweet soy sauce
38299,annatto seed
38490,pretzel
38569,clam shell
38679,bottle sauce
38722,bosc pear
38842,apple choice
38843,gorgonzola cheese
38856,brown
38914,vermicelli
39036,maggi™
39068,braeburn
39113,meat *
39123,tomato spice
39131,ponzu sauce
39173,fraiche
39176,reblochon
39194,beef bratwurst
39354,baby green
39412,sorrel
39589,™
39597,pistachio
39602,cranberry juice
39701,beaten
40031,tots
40042,multi
40120,scotch whiskey
40149,can bean
40174,creole
40280,mild
40312,light sauce
40407,rosemary sauce
40496,goat milk
40695,kentucky
40722,juniper
40852,cuban pork
40866,black
40880,chicken wing sauce
40925,apricot amount
40952,port
40955,prepared
40988,duck meat
41114,idaho
41157,chicken *
41354,pate gras
41579,quesadilla cheese
41732,tot
41754,serrano
41880,banana ketchup
41983,mango salsa
42158,calvados
42194,style cheese blend
42321,pepper oil
42368,pepper sun
42389,food e.g velveeta
42476,lumpia wrappers
42521,package velveeta
42555,gnocchi
42570,macadamia oil
42641,rye crouton
42646,popcorn
42771,turkey gravy
42812,white cheese
42864,coca cola
42894,chorizo
43003,pork steak
43061,® salsa
43127,%
43192,raspberry jam
43250,stuffing
43254,maple sausage
43281,nopales
43325,sauce sriracha
43436,turkey kielbasa
43485,tamarind
43501,cream liqueur
43522,refried bean
43573,tart shell
43592,grit
43605,sub
43658,cornflake crumb
43691,beer bratwurst
43740,restaurant
43752,mix crumb
43782,chili cheese
43816,process cheese
43855,pork sirloin
43864,scoop
43964,fern
43993,thigh drumstick
44014,basmati rice
44048,herb cream
44066,cilantro paste
44121,style sriracha
44153,berry vinaigrette
44244,chive onion
44264,bottom
44324,food color
44440,cantaloupe
44542,almond milk
44684,pineapple syrup
44728,cotija cheese
45101,onion juice
45135,turkey chicken
45236,mafalda
45289,tomato oregano
45446,bag charcoal
45473,wine chianti
45507,crema
45546,chayote
45547,basic crepes
45559,clementine
45574,black pepper
45669,turkey %
45695,mazola
45778,amount
45969,zucchini squash '
45999,celery root
46017,aluminum foil
46019,patty
46148,turkey broth
46175,cook
46325,caribbean jerk blend
46454,onion sauce
46456,dog roll
46461,schubert
46465,marzetti
46542,saba
46560,creme cassis
46580,calimyrna
46630,stonewall
46632,brussels sprout
46726,salad mix
46881,chipotle pepper
46891,fork
46991,avocado oil
46997,bouillon knorr
47080,rib loin
47129,haas avocado
47186,beef london
47343,freshly
47380,medium slice
47386,tartar sauce
47573,wing sausage fresco
47589,® amaz
47607,square
47660,snipped
47699,mushroom marinara
47805,meal
47853,cheddar bratwurst
47913,beef base
47975,park®
48204,miniature croissant
48227,pre cabbage
48237,shiro miso
48254,potato purple
48431,non greek
48485,thigh thickness
48774,orecchiette
48916,® soup
48960,thin breast
49106,dark beer
49220,kaiser bun
49260,steel
49297,pie pastry
49311,tomato bouillon
49344,heinz
49393,tomato onion
49557,chicken stuffing
49615,syrup syrup
49632,baby corn
49918,bison brisket
49984,beef chorizo
49987,brown lentil
49996,chip lay
50104,walnut oil
50113,ravioli
50164,alfredo sauce
50166,pecorino
50313,potato peel
50315,pepper powder
50321,cooking barley
50361,chicken blend
50537,cheddar cheese
50694,chip '
50931,scotch fillet
50968,® hot
51089,cheese blend
51147,® classic inch
51210,star pasta
51350,lite zesty
51488,package martha
51520,duck innards
51526,millet
51532,peach juice
51609,pastrami
51644,tomato la
51736,wakame
51755,dashi powder
51796,seafood
51954,gold tequila
52020,sesame
52146,farro
52188,carambola fruit
52218,back
52235,jalapeno *
52244,suggestion
52281,tangerine
52310,manzanilla
52345,creole sausage
52385,venison liver
52411,pomegranate seed
52454,herb spice
52666,broccoli rabe
52763,bison sirloin
52799,sweet pickle
52844,johnny
52940,quorn™
53038,bag bean
53060,chourico
53076,wheat cereal
53136,avocado cilantro pepper
53185,tart cherry
53193,lea
53231,italian parsley
53275,watson
53281,sage sage
53393,gherkin
53454,mango chutney
53626,shape
53797,water sausage
53880,paste patak
53991,captain morgan
53999,maraschino cherry
54125,sweet wine
54195,pecorino cheese
54228,currant raisin
54317,salt bean
54355,macaroni shell
54356,oval portuguese
54389,italian dressing
54424,grapefruit juice
54446,trout
54648,lamb shoulder
54870,blend great
55189,bulb
55353,cracker meal
55449,style blend
55456,irish cheese
55745,pastry shell
55828,chunky butter
55892,rice bread
56015,pluots
56114,⅔ paste
56157,chanterelle
56221,rib rib
56359,park® hot
56420,naan
56451,cranberry bean
56515,and/or
56528,oelek
56604,burgundy wine
56770,brioche bun
56787,® fajita
56820,broth simmered
56868,carb fiber
56961,sofrito
57041,chablis
57096,rice egg noodle
57105,natural
57136,bermuda
57342,cherry juice
57351,count bread
57407,quahog
57594,bacon soup
57632,spearmint
57676,garlic paste
57883,pork shank
57915,apple grape
57917,panko crumb
57934,comfort
58085,dry yeast
58125,sec
58204,nicoise
58244,texas
58329,jalapeno cheese
58448,raspberry vinegar
58456,haddock
58484,mix martha
58489,sweet chile sauce
58543,sumac powder
58572,amaretto liqueur
58599,muscadine wine
58706,oat flour
58752,color
58867,stout beer
59015,taste
59031,smith apple inch wedge
59089,mussel
59104,squid
59257,chile juice
59321,bag butter
59406,farmer cheese
59432,® classic
59444,macadamia nut
59480,pearl
59699,onion ring
59795,cake
59796,maple extract
59928,frichik
60111,mung bean
60424,watermelon
60478,smith apple ring
60484,walnut pecan
60554,chayotes
60709,baby broccoli
61059,herb crouton
61132,masa
61154,sour cream parsley
61236,pearl original
61262,polenta spinach
61280,tropical
61365,cheese sauce
61376,gum
61456,chile seed
61471,pig
61580,prosciutto di
61689,baby shrimp
61788,spaghetti fourth
61796,strip morningstar
61800,monterey jack blend
61828,sausgae
61848,coffee liqueur
61855,wisconsin brick
61938,lime tajin
62037,chorizo meat
62106,beef rump
62204,liter cola
62275,duty
62278,torta
62303,navy bean
62387,winter melon
62411,lady apple
62423,english walnut
62457,chocolate stout
62461,beef pho
62464,ribeye steak
62511,chili powder gebhardt
62529,sultana raisin
62615,® bakeware
62675,nectarine
62899,flax seed
62912,spinach dip
62969,tea
63252,beef shoulder
63361,pan cornbread
63480,wax pepper
63518,bell stir
63583,thai garlic
63601,paper
63604,heavy
63619,meatballs
63665,amish
63666,ground
63735,filling
63772,assembly
63774,mascarpone cheese
63799,rib chuck
63804,hanger
63922,packet hidden
63970,dandelion
64079,honeycomb tripe
64239,wheat cracker
64276,tomato hand
64318,carnitas pork
64343,hull pea
64429,london broil
64564,jicama
64733,sausage conecuh
64773,tomato vinaigrette
65011,baby bell
65023,russet potato
65072,premade
65082,creole seasoning slap
65157,peach chutney
65165,napoletana
65176,linguica
65182,chourico portuguese
65427,sorghum
65433,seasoning blend
65441,grapeseed oil
65457,corn salsa
65522,fancy molasses
65641,carrot circle
65668,sweet pea
65722,medallion
65835,habanero chile
65886,newman own
65926,rice soup
66030,cinderella pumpkin
66206,bag coleslaw
66328,® fresh
66384,giardiniera
66539,wine chardonnay
66655,goat pepper
66686,cube
66997,tempura batter
67057,acid powder
67143,boston lettuce
67270,poblano
67344,apricot nectar
67443,package sister
67444,coleslaw *
67539,top sirloin
67559,jerk sauce
67604,® capicola
67762,tuscan house
67774,oatmeal
67838,parmesan powder
67839,yeast extract
67954,napa cabbage
67998,pandan
68001,soybean
68072,bitter
68179,chicken flavor
68182,⅔ package chip tostidos
68193,louis
68279,end spear
68285,recipe
68617,wheat germ
68621,bamboo
68708,raspberry vinaigrette
68712,fruity wine
68872,morton
68895,sesame ginger
68975,tyson® grilled ready® fully cooked
69214,carolina pride
69269,less
69324,chicken cracker
69336,hanger steak
69349,sprite
69524,littleneck
69588,cracked
69592,sea salt
69610,coriander powder
69749,frying
69767,starter
69832,potatoes o'brien
70100,tub cream
70105,tumeric
70218,broccoli spear
70271,bosc
70273,oikos
70298,pepsi
70448,togarashi
70579,dashi seasoning
70835,peach tea
70852,broccoli soup
70875,stevia powder
70883,maple sugar
71089,lea butter
71176,coconut flour
71189,pea bean
71287,coconut extract
71309,rice salt
71417,® cornichons
72011,kohlrabi
72326,juice juice
72341,grand marnier
72356,seville
72388,herb marinade
72446,pastry dough
72608,spicy spanish
72656,piquillo pepper
72702,roasting
72784,grill
72795,berry
72941,fontina cheese
73046,mayonesa
73079,mediterranean olive
73141,pomegranate wine
73581,buttermilk biscuit
73582,pretzel stick
73691,peppercorn ground
73709,veal stock
74186,tomato concasse
74548,drumettes
74637,ploy
74821,® classicmac
74827,® organic
75107,tamari sauce
75190,spicy juice
75296,nitrate saltpeter
75354,thigh breast
75447,beef lunch
75732,peter pan
75737,r pepper
75802,sour sauce
76008,french
76237,tomato tomato
76334,cheese velveeta
76353,plain greek
76471,green cabbage
76590,pepper sauce texas
76602,coors
76653,pronto™
76922,corn kernals
76932,cento
77069,mexican velveeta
77246,basil pepper
77385,tomato tomato puree
77481,jalapeno serrano
77489,endive
77545,braunschweiger
77595,beef onion
78036,chicken powder
78039,mexi
78041,tomato tomato sauce
78044,cheese cilantro wedge
78129,ground breast % ground turkey breast
78138,party
78260,tandoori
78269,slaw
78308,kohlrabi bulb
78427,marsala
78798,carb wheat
78834,kentucky wonder
78980,bay torn
79073,prune raisin
79087,bud
79502,size
79694,pocket
79733,tomato salsa
79739,chipotle salsa
79796,sweet roll
79816,zinfandel
79829,creole mustard
79852,mushroom blend
79863,inch
80116,® california
80117,guajillo chile powder
80149,corn meal
80209,cavender
80421,quark cheese
80489,liqueur
80510,bouillon granule
80683,packet sauce
80691,corn cereal
80812,beef bouillon powder
80862,flavor tortilla
81071,papaya
81216,calabaza squash
81220,watson uncured
81227,ny
81337,up
81380,rotisserie
81463,length
81467,bag arugula
81480,rye
81521,light brick cream cheese spread
81546,philly
81994,johnny seasoning
82006,fruit juice
82117,spelt
82185,kombu
82528,asian mixed
82574,mutton
82788,bamboo skewer
82854,leftover stuffing
82923,wheat bun
83076,potato chip
83087,venison broth
83133,lime soda
83457,firm
83518,barberry
83741,pattypan squash
83792,yucca
83820,smooth
83827,smith apple inch piece
83968,⅔ jar
84148,isaly
84407,style paprika
84628,mango juice
84713,sue ’
84829,chef
84912,mt
84928,olive juice
85139,southwest essence®
85267,honeydew melon
85268,farfel
85282,beef *
85339,methi
85415,corn third
85485,mexican
85757,jigger
85848,enchilada sauce frontera
85926,spaghetti classico
86019,mochiko flour
86033,premium
86103,anchovy paste
86190,asian wine
86303,bourbon four
86369,hsing
86447,count shrimp
86559,™ gluten
86587,wax bean
86900,® italian
87154,yakisoba
87437,water *
87562,bbq sauce
87624,single
87803,compote
88017,grass puree
88103,coconut vinegar
88120,caribou
88366,potato juice
88522,chile la
88579,⅔ beer
88594,whole potato
88833,di
88857,beef tri
88859,loquat
89152,carnaroli
89493,tarbais bean bean
89533,telera
89583,herb seasoning
89595,toulouse pork sausage
89819,sleeve
89843,pancake
90039,sourdough bread
90065,chile salsa
90093,soda mountain
90207,garnish
90208,tyson® grilled ready® refrigerated diced chicken breast
90269,brown mix
90354,asada marinade
90662,sweetener
90764,glass
90908,himalayan
90947,raviolini *
90954,tomato *
90963,dill dip
91184,orange bean
91207,spinach fettuccine
91284,minestrone soup
91431,kecap manis
91677,leg meat
91750,himalayan salt
91759,melon
91804,style % milk finely cheese
91885,pork fatback
92074,rice powder
92262,thai yellow
92388,heel
93053,carton texas
93058,chilean sauvignon
93124,ginger juice
93158,lowfat milk
93367,protein
93482,barbeque seasoning
93495,sourdough bun
93649,tomato chicken
93696,rib riblets
93733,corn trader
93783,thread vermicelli
93850,nopalitos
93877,mushroom root
93950,hormel
94068,parmesan kraft
94102,duck sauce
94122,mango sauce
94401,mates
94434,hero
94852,acid bragg
94870,arm
94974,ricotta salata
95023,fiber
95336,cajon seasoning
95443,p.
95454,onion cilantro
95533,herb garlic
95593,cheap beer
95638,blend vegetable broccoli carrot cauliflower
95690,otto
95692,bechamel sauce
95779,asian garlic
95889,washington
95938,gruyere
95946,heat
96073,venison loin
96170,thread
96260,pork stomach
96339,winter squash
96347,turkey plain
96368,boboli
96418,roma tomato
96513,® butter
96514,® milk
96532,® egg
96666,mardi gras
96795,potato bun
96951,jalapeno seasoning
97048,chocolate syrup
97090,tomato habaneros
97191,dog circle
97388,whole milk
97537,cornhusk
97912,cotto salami
97938,corn pepper
97997,rome
98144,baby romaine
98221,beef jerky
98229,® oats
98368,savoy
98539,saffron powder
98584,smith apple thick wedge
98596,emmentaler cheese
98617,cartilage
98672,tsang
98831,assorted topping cheese cream cilantro
99106,nylon netting
99233,potato pik
99248,turkey liver
99249,turkey stock
99357,blackberry juice
99368,ice
99529,moida portuguese
99558,barilla marinara sauce
99794,sausage sausage
99807,time salt
99840,ti
99849,taro
99857,pumpernickel bread
99991,vanilla vodka
100387,pepper pod
100610,signature roasted
100651,cortland
100746,fabada bean
100991,gratin
101084,cocoa
101250,corn muffin
101456,asadero
101689,mushroom soy sauce
101802,scotch bonnet
101897,corn crumb
102204,buckwheat
102948,whole button
103103,choice
103171,coffee bean
103351,baby okra
103495,bok rib
103726,picante
103844,potato soup
103986,soba
104004,asadero cheese
104189,bulgur
104256,achiote powder
104259,vinegar vinegar
104338,breadstick
104484,jus sauce
104598,mulato chile
104619,pasilla chilies
104698,tablet
104868,chile bean paste
104890,package %
105017,clamato
105104,chana dal
105282,style marinade
105409,baby pea
105543,pork lung
105549,mix soup
105592,floss
105598,apple wedge
105965,tyson® grilled ready® chicken breast
106001,partridge breast
106414,orange habanero
106702,polly
106792,coconut trader
106842,carolina
106873,beef filet
106902,sausage casing
106914,apple e.g.
107135,harissa sauce
107210,lemon pulp
107218,yellow
107226,canton noodle
107383,beer foster
107401,mandarin
107559,malbec
107614,lamb stock
107617,bacon *
107895,footnote
107902,parmesan curl
107919,thai pepper
108071,margarine butter
108244,coconut flake
108271,gravenstein
108357,beef grass
108366,shell clam
108437,quantity bean
108452,corn shoepeg
108471,crab
108592,pomegranate syrup
108616,panko breadcrumb
108698,pomegranate
108970,o'brien hashbrown
109019,rice garlic
109085,tomato habanero
109142,pepper salt
109319,barbeque glaze
109395,donut
109640,ricotta
109711,galangal
109955,japones pepper
110052,pre bean
110077,style tomato sauce el pato salsa chile fresco
110160,classico fresh
110493,cotechino
110583,chickpea bean
110762,manis
110788,farro trader
110793,sambal
111074,eighth
111078,fromage blanc
111152,neck
111315,emmenthaler
111318,crackers
111409,tapenade
111432,shoyu soy sauce
111441,barbeque sauce dinosaur
111469,bottle thousand
111625,mesquite seasoning
111662,taleggio
111701,wrap® inch
111759,orange soda
111782,duckling
111881,parmesan *
111914,portion breast
112019,monte
112043,sodium
112482,style sauce valentina
112582,shrimp paste
113022,juice lemon
113034,potato *
113057,basket
113125,broccoli coleslaw
113140,herdez
113268,onion root
113277,pumpernickel
113690,wrap® pan
113713,beef hamburger
113770,nordica
113807,miniature
113851,mustard powder coleman
113918,aioli
114050,® freshly shredded
114291,cuban bread
114502,split breast
114518,quail
114547,floweret
114713,roll bun
114723,agave syrup
114762,kraft thousand
114766,claussen
114768,big slice
114770,triscuit
115016,starbucks
115024,macrina
115037,farmer
115117,truffle oil
115332,ritz
115340,corn cream
115370,ginger powder
115609,basmati grain
115622,tom paste
115624,octoberfest beer
115647,seasoning™
116031,animal
116142,heavy cream
116193,sweet
116231,burger
116304,carrot fourth
116362,anaheim chile
116446,jalapeno ring
116512,orange liquid
116543,mixture
116924,stock powder
117010,spicy paste
117031,pumpkin puree
117103,stilton cheese
117162,cotija feta
117212,vegetables
117214,baby beet
117344,® rubbed
117397,⅔ package
117482,cut dill pickle
117636,arborio grain
117668,freekeh
117830,scallions
117831,pea pea
117887,salad shrimp
117901,creole blend
118113,fajita marinade
118220,cornstarch broth
118357,crab meat
118368,salt cod
118415,olive tapenade
118560,press
119088,real mayo
119782,string
120089,cocktail bun
120152,ramp
120160,sage torn
120166,chive garnish
120202,meat sauce
120332,thigh wing
120343,soul
120416,turkey *
120442,pizza dough trader
120567,celery string
120649,style shredded four cheese touch philadelphia
120908,spread cheese
121550,sunflower
121920,bistro
122008,container greek
122320,trimmings
122442,lite balsamic vinaigrette
122637,alfredo
122676,simply organic
122853,deli breast
122898,crusty bread
122975,can sauce
123102,la
123188,sausage *
123233,potato shape
123562,jumbo shells
124031,basil *
124126,beef cross
124172,toothpicks
124305,ciabatta bun
124417,vienna
124489,sage seasoning
124502,strawberry yogurt
125009,tomato pesto
125159,flower
125261,® seasoning
125373,chicken rice
125389,baby dill
125394,kitchen string
125415,cream dip
125490,porterhouse steak
125653,baked bean
125722,dog crosswise
125731,white lily
125900,cavatapi
125928,brown lager
126024,cavatelli
126341,cubed meat
126412,jalapeno cilantro
126588,splenda
126655,cheddar jack
126859,eggnog
126965,c
127053,ripe olive
127104,cherry soda
127188,package taco
127207,seltzer
127421,⅔ milliliter bottle
127472,fryer
127519,fig juice
127791,carrot match
127911,steak loin
127967,tilapia
127982,middleneck
128327,style tomato chile
128405,unripe banana
128416,pork hock
128450,jar dickinson
128484,wine sauvignon
128493,sausage spanish
128535,lasagna
128548,turkey ham
128572,tongue
128696,sake wine
128723,fish soup
128787,chai
128790,parmesan shredded
128799,smith apple chunk
128821,jumbo
128854,mirepoix
128864,blue
129038,angus roast beef
129316,cranberry jam
129531,salt pappy
129741,rome beauty apple
130161,medal
130196,sprig
130337,mushroom button
130583,finely shredded
130802,candlenut
131133,cream cream
131240,beer wine
131311,party bread
131517,mushroom gravy
131685,pumpkin soup
131693,berry cranberry
132062,crackling
132129,crepe
132160,date medjool
132404,® cumin
132405,tamarind concentrate
132672,bratwurst bun
132791,mole sauce
132808,pasilla chili powder
132913,sourdough
133287,cabrales
133523,⅔ bottle barbeque sauce
133728,chicken gravy
134051,pepper®
134077,garland jack
134225,za'atar
134459,oat cereal
134504,imitation crabmeat
134515,slim
134519,magazine
134520,duct
134534,puff
134563,chevre
134631,bagel
134801,brewery ipa
134817,marsala madeira wine
134824,than
134840,oyster shell
134914,oat ground
134937,almond ground
134944,hazelnut ground
134958,granola
134977,pretzel cracker
135053,raw seed
135072,twist
135100,tomato clam
135106,candy milk
135125,almonds *
135146,mexicana
135152,kraft roka
135285,square sheet
135310,cheese rind
135328,bag scoop
135354,palm
135364,oaxaca cheese
135473,cornichons
135496,substitute
135648,thin lox
135669,wheat nut
135801,rye whiskey
135911,mission
136025,vanilla protein
136278,cookie dough
136297,bay tm
136363,queen size olive
136379,spectrum naturals
136381,veggie
136403,labneh cheese
136442,oat bran
136451,braunschweiger liver
136459,cocoa nib
136464,lardo colonnata
136465,pink
136557,clam shells
136617,log
136624,white sugar
136714,balsamic glaze
136734,smart
136760,pina
136800,creme
136810,bear graham
136876,phyllo pastry
137013,wasabi
137064,mayonnaise trader
137081,vanilla baking
137180,corn chex
137199,pernod
137204,herb cheese
137388,horseradish sauce
137429,chia seed
137508,semi
137552,dandelion flower
137707,dice
137711,fat greek
137820,shoyu soy
137902,pie filling
137933,buckwheat flour
138167,bacon cracker
138292,ciabatta bread
138361,mix octopus
138736,miniature pickle
138753,carnation
139003,plantain peel
139009,tub cool
139015,jell
139036,toffee
139074,parmesan cracker
139080,coffee powder
139081,kettle
139097,snack cracker
139159,bar
139164,mizuna
139174,green sea
139177,anise liqueur
139255,queso chanco
139287,vanilla whey
139315,sweet chutney
139337,peanut shell
139383,calamata
139538,razor clam
139670,athenos traditional
139705,phyllo
139863,kucai
139978,pastry sheet
139980,heat cheese
140033,cheerios™
140048,parmigiano cheese
140120,vanilla greek
140215,multigrain
140351,topping
140428,spicy sauce
140498,rice chex
140539,candy
140546,wheat bran
140552,chambord liqueur
140695,almond sliver
140712,snail shell
140720,brain gelatin
140744,weiners
140780,chocolate sprinkle
140979,diameter
140981,chocolate chex
140990,square cracker
141121,wasabi powder
141229,belgioioso romano
141240,belgioioso
141314,rainbow
141336,fiesta
141361,cinnamon chex
141457,smith apple size piece
141604,caviar
141725,fish
141853,scallop shell
141878,regular
141949,neufchatel cheese
141963,light mayo
142009,breadcrumb bread
142083,freestone
142396,ground nutmeg
142397,shell pastry
142414,tomato tortilla
142454,maxwell house
142458,white chocolate
142853,light cream cheese product
142857,calorie wise
142915,alouette
143090,own
143265,dry cocoa
143277,butter *
143346,cheese room
143390,plum preserve
143450,container %
143792,salt ground pepper
143800,chipotle chilies
143988,corn rice
144044,corn chowder
144168,marshmallow
144326,sea bass
144472,orange liqueur
144489,creamy
144664,glaze trader
144689,jalapeno habanero
144709,sago
144710,ghee
144785,soy nut
144886,honey nut
144920,plantain fifth
145008,frozen cool
145057,pepper sauce tapatio
145119,toast
145230,orange extract
145233,sweet hot mister mustard®
145377,.™
145444,breading
145454,canola cooking
145618,crab leg
145846,flax
145941,herb feta
145982,bag kettle
146026,semisweet chip
146082,safflower oil
146102,almond breeze
146156,gulf shrimp
146182,coffee kahlua
146195,allouette®
146239,pie dough
146256,asian rice
146413,vanilla protein powder
146538,gouda cheese pepper boar head®
146639,sage sausage
146743,gyoza sauce
146796,vanilla chex
146807,vanilla candy
146829,mix sprinkle
146847,sprinkle
146890,finely cheese
147049,chinese mustard
147143,⅔ bit
147331,freeze
147344,orange blossom
147372,seed meal
147426,vanilla bean
147519,tempeh
147542,container cool
147552,fine
147566,vanilla chip
147576,jumbo shrimp
147591,oyster juice
147600,club soda
147723,vanilla sugar
147753,raspberry extract
148339,® mortadella
148345,® pepperoni
148469,gouda cheese cube
148591,heart juice
148596,everglades
148889,betty
148902,lobster stock
149085,dip fritos
149249,wiener
149321,mahi
149438,pepper oil garlic
149456,caribbean jerk marinade
149462,corn syrup karo
149563,ground pepper
149590,vanilla mix
149672,petal
149792,sunkist
150247,gelatin powder
150437,citron peel
150487,bag cranberry
150494,rum extract
150662,buttermilk powder
150715,licorice
150759,gingersnap
150799,ladyfinger
150814,caramel
150826,vanilla soy
150892,vanilla pudding
150911,candiquick
151035,baby food
151057,peppermint extract
151059,bean paste
151093,vanilla coffee
151114,eagle
151119,coffee ice cream
151121,fudge
151251,lemon extract
151269,chocolate crumb
151353,espresso powder
151366,quince
151401,potato flour
151436,chestnut flour
151440,ice cream
151634,tea powder
151759,cupcake
151760,vanilla frosting
151929,cookie crumb
151933,creme liqueur
151935,creme cacao
152120,devil
152304,bar milk
152331,cream peak
152341,decorator
152398,gel
152420,baker ammonia
152431,truvia
152493,beer extract
152494,jar smucker
152497,vanilla ice
152518,butterscotch
152520,pear brandy
152528,vanilla crumb
152741,candy sprinkle
152783,blackberry jam
152786,gooseberry
152812,wafer cooky
152818,stevia
152893,nestle
153041,peppermint
153103,crunchy
153208,coconut cooky
153211,g
153310,swans
153337,biscuit ladyfinger
153338,puffed
153345,kiwi fruit
153442,ice peach
153544,anise oil
153925,almond butter
154206,whip
154409,pearl tapioca
154576,dairy
154704,sorbet
154813,passion fruit
154869,® water
154873,simply cocoa
154883,reddi
154893,morsel
154913,chocolate liqueur
154916,banana liqueur
155025,peach peel
155078,bar chocolate
155381,strawberry ice cream
155488,rosewater
155576,brick cream
155719,carob powder
156113,baking spray
156135,gumdrop
156284,chocolate ice cream
156426,® premium
156447,cranberry fruit
156711,pkg
156756,punsch
156788,grape jam
156796,kentucky fruit
156942,arthur
156981,cocktail syrup
156997,wafers
156998,coconut flavoring
157015,marrons glaces
157030,marrons glace
157222,espresso
157250,marshmallow cream
157384,baking crumbs
157411,caramel sauce
157544,chocolate %
157666,citron
157679,lorna doone
157827,strawberry glaze
157829,shortbread
157914,coating
157949,huckleberry
158021,cherry syrup
158031,vanilla cake
158187,pie cherry
158195,quark
158343,apple core
158363,conversation
158368,hazelnut liqueur
158625,raspberry liqueur
158809,vanilla confectioner
158817,chocolate cream
158839,worm
158845,anise extract
158852,dream
159046,raspberry sauce
159115,creme candy
159261,blackberry preserve
159264,vanilla rum
159294,tea biscuit
159301,caster superfine
159303,lemon gelatin
159380,mix betty
159414,vanilla cooky
159446,candy melt
159457,honey maid
159458,baker angel
160100,soy milk
160278,mix nut
160452,orange essence
160517,mix duncan
160524,butter jif
160544,mint extract
160547,farina
160697,kirschwasser
160707,syrup smucker
160729,orange decorator
160739,bag chip lay
161121,english toffee
161329,pear syrup
161438,dulce leche
161502,pastry flour
161573,anise
161690,stevia extract
161987,better'n eggs
162270,chocolate raisin
162648,™ candy
162809,fudge sauce
162953,food cake
163068,caramel ice cream topping
163073,fluff
163102,doughnut
163786,pouch
163787,cookie icing
163802,baking chocolate
163834,spread heat
163835,buttermilk *
163836,erythritol
163837,vanilla stevia
163841,erythritol *
163858,boysenberry
163970,frosting
163972,tio
164014,holiday sprinkle
164037,custard powder
164309,kiwifruit
164389,confectioner *
164404,green food
164522,apricot brandy
164603,⅔ strawberry
164764,matzo cracker
164987,bag milk
165004,kosher
165093,orange rind
165107,serviceberry
165603,chocolate chip
165620,cointreau
165833,popsicle
166114,cookie mix
166200,purpose
166202,milk la
166208,organic liquid stevia extract
166574,pink lemonade
166765,food colouring
167170,chocolate graham
167341,light rum
167440,® regular
167474,container topping
168102,lychee
168150,canning jar
168241,pecan garnish
168300,rhubarb jam
168415,jellybeans
168452,macaroon
168532,nabisco graham cracker
168577,apricot fruit
168635,mix syrup
168835,baker premium
168860,moist
169029,lime sherbet
169094,marzipan
169170,finlandia
169197,⅔ milk
169280,orange candy
169442,® original
169451,package duncan
169500,container duncan
169627,cannoli shell
169869,fuyu persimmon
169942,butternut extract
169997,cake layer
170057,brewer yeast
170395,semolina
170548,walnut extract
170610,tea cold
170878,cookie
171097,mix bob
171420,strawberry extract
171473,dry velvet
171859,cherry jam
171955,beef suet
172040,citrus peel
172232,panettone
172470,coconut cream
172486,angostura
172826,⅔ package sugar cookie dough
173376,almond split
173456,brandy extract
173512,blueberry juice
173529,swirl bread
173642,shortcake
173755,roll fruit
173756,caramel stripe
173757,chewy fruit
173791,blue syrup
174443,fat
174720,light
174743,chunk
175070,chocolate seed
175250,toffee heath
175521,multi sprinkle
175690,persimmon pulp
175800,cherry liqueur
175951,chocolate bar
176196,coconut butter
176200,trail
176375,decorating
176406,gram powder
176416,coconut syrup
176435,chile lime trader
176628,ice orange
176632,wafer
176874,orange gel
176879,silver nonpareil
176887,tube gel
176957,pop
177090,ube yam
177146,macapuno
177150,violet
177384,nutter
177599,bag berry
177705,lingonberry
177724,quick
177789,mulberry
177928,package cool
178298,suet
178310,ginger syrup
178463,wesson® canola oil
178741,angelica
178920,vanilla flavoring
179135,coconut yogurt
179211,pieces
179366,lemon curd
179374,® evaporated
179471,mission fig
179669,orange sprinkle
179821,peanut ground
179880,® kisses
180002,vanilla cookie
180159,thompson seedless
180391,brown food
180572,stripe
180582,smith cooking apple thick
180631,chambord®
180636,raspberry syrup
180971,craft
181070,gummi
181339,lime extract
181362,soy flour
181503,pear preserve
181555,meyer lemon
181711,bag cherry
181904,chocolate milk
181998,orange pineapple
182222,cardamom extract
182356,mincemeat
182586,mahleb
182590,orange flower
182607,buttercream frosting
182670,pepper drink
182695,® semi
182743,pack
182858,sponge cake
183027,vanilla ready
183272,velvet
183327,® hazelnut
183472,hemp seed
183650,chocolate confectioner
184017,matzo
184175,grenadine syrup
184212,decoration
184218,cookies
184257,rice milk
184417,key lime
184819,fruit dia
184820,fruit seed
184997,caramel candy
185744,ladyfinger cooky
185834,caramel sauce cajeta
185993,goya® cream
186178,coffee liqueur kahlua
186287,lemon rind
186464,coconut sugar
187147,easter
187548,roasted peanuts
187565,blueberry extract
188021,coconut vanilla extract
188126,lemon oil
188144,pumpkin butter
188430,pisco
188476,chocolate butter
188678,almond bark
189155,prune juice
189593,oat flour bob
189771,lemon yogurt
190097,jose
190360,salmonberry
190761,marshmallow fluff
190806,s
190839,sweet chocolate
190944,pequin
190981,germ
191096,sherbet
191118,carob
191282,curd *
191497,instant tapioca
191603,beauty apple
191605,comice
192253,smith apple dice
192261,peach sorbet
192396,® bites
192517,chocolate powder
192545,sponge
193035,whipped cream
193060,sandies
193292,liquid stevia
193372,color paste
193409,vanilla powder
193788,buttermilk milk
193790,coconut *
194228,williamsburg butter
194589,vanilla sandwich
194746,cookie butter
194979,duncan
194982,weight
195254,agar
195510,vanilla custard powder
196306,grapefruit peel
196389,vanilla granola
196401,chocolate shell
196950,citrus soda
197115,maple flavoring
197174,equal
197305,walnuts
197485,perfectly
197664,berry color
197673,peppermint candy candy cane
197997,confectionery
198607,glitter
198628,shortening oil
198739,smith
198891,beeswax
198953,strawberry cream
199478,classic crisco
199732,garnishes
199741,baker chocolate
199970,cane
200353,glace cherry
200442,dragee candy
200498,tenderflake®
200586,candy oil
200836,champagne wine
200883,flour bob
200889,gluten powder
200948,cheesecake
200989,jet puffed
201000,organic
201183,caramel square
201290,lime peel
201574,raspberry juice
201828,fluid mountain
201842,mold
201949,soybean oil
202351,strawberry syrup
202450,blackberry syrup
202669,wedge candy
203108,hickory nut
203285,chocolate coating
203296,cookie pop
203459,jellyroll
203832,custard filling
203833,orange cream
204011,spanish
204028,sprinkles
204491,”
204582,belt
204782,ghiradelli
205286,date syrup
205416,chocolate bean
205567,hazelnut spread
206560,persimmon puree
206857,cream %
207159,daiquiri
207182,cream *
207374,box duncan
207452,candy coating
207831,chocolate sauce
207869,pearl® organic
207947,vanilla syrup
208041,nib
208089,almond toffee
208190,snow
208245,walnut ground
208743,yellow peach
209095,tube
209260,chopstick
209688,vanilla honey
210105,carb chocolate
210188,carbohydrate flour
210520,cappuccino
211429,pie mix
211593,cooky trader
211688,supplement
211734,dark
211754,cherry extract
211776,almond bar
211961,butterscotch liqueur
212020,cream tartar
212024,hazelnut skin
212095,blackberries
212136,brand
212157,® grahams
212971,pantry™ large
213112,blue nectar
213168,karat
213480,splenda no
214564,syrup lyle
214696,bit heath
214718,pecan *
214787,thai tea
214902,vanilla cinnamon
215014,® greek
215234,paper recipe
215806,cocktail juice
215947,durian
215960,banana extract
216181,berry jam
216745,donut hole
216925,hazelnut extract
216947,creme cooky
217063,almond flavoring
217111,% cacao
217717,wrap® aluminum foil grill
217781,soy creamer
218073,pastry cream
218119,lemon marmalade
218677,peanut butter jif
218975,pear vinegar
220325,granny smith apple
220838,vanilla cream
221274,bag cone
222126,saskatoon
222216,key juice
222407,cruller
222682,caramels
222711,pecans
222731,cold
222737,cream editor
223150,orange fruit
223296,custard
223675,jeremiah
223693,kings
223727,salt leviticus
223732,water genesis
223737,proverbs
223741,wedge pineapple
223743,almond genesis
223981,dry seed
224156,chocolate candy
224445,peanuts
224605,leaf
224833,twizzlers
224845,chocolate cracker
225372,flavoring
225504,cacao powder
225663,soy butter
225689,silken tofu
225795,maria
226433,bag fruit
226469,delicata squash
226560,alaskan cod
226708,carrot juice
226728,snapper
226990,rye flour
227055,cajun pepper
227269,flax oil
228118,durum
228176,cereal cream
228231,metal
228319,coke
228515,swordfish steak
228558,roughy
228571,nopales cactus
228617,raspberry cream
228862,portion
229028,pappardelle
229042,pecan half
229107,buckwheat groat
229412,dairy topping
229426,green mussel
229531,raspberry yogurt
229747,almond *
230029,bay sea
230044,porter beer
230096,swordfish
230154,pepper pepper
230159,shopping
230296,orange section
230512,mirlitons chayote
230590,lemon seed
230615,sucralose sugar
230688,bran
230748,baby russet
230776,radish rose
230906,habanero sauce
231011,barley flour
231098,peppercorn brine
231134,sweet spicy
231191,protein flour
231361,rainier
231381,trumpet
231388,nameko
231444,maca powder
231660,amino
231968,chenin
231979,teardrop tomato
231989,green lettuce
232040,lecithin
232105,chia
232203,sage mixture
232312,belachan
232573,delicata
232639,matcha
232703,tagliatelle fettucine
232877,sole
233328,roasted cranberries
233408,soy %
233672,ml large
233693,kasha
233818,kumquat
233933,navel
234075,skin
234227,orange roughy
234385,broth stock
234752,tangelo
234889,chrysanthemum
234949,orange mango
235148,semi farro
235411,dark chocolate
235526,milk cream
235834,cajun mix
235846,oat groat
236061,bag fry
236296,dog sausage
236309,sugar syrup
236435,dragee
236504,proof rum
236515,almond syrup
236522,simple syrup
236540,crawfish
236575,cornish hen
236612,triple sec
236808,proof
237041,craisins cranberry
237086,blue cornmeal
237156,fluid syrup
237268,smith apple inch thick
237647,padi
237657,tom yum
237728,soy margarine
237762,orange jam
237793,jamaican rum
237798,brulee ice cream
237806,simmering
237895,udi
237996,crookneck squash
239288,sweet mix
239334,acorn squash
239812,bass
240006,potato syrup
240093,water glaze
240144,square foil
240180,® blanco
240187,strawberry liqueur
240395,orange spice
240438,lemon vinaigrette
240457,lobster meat
240502,stoli
240533,hiram
240703,snow crab
240727,sec liqueur
240798,pepper flake
240986,dry vermouth
240992,brine jar
241371,asiago mozzarella
241711,chianti
241860,salami size piece
241906,raspberry puree
242136,tagliatelle
242286,anjou
242573,grouper
242671,® blue
243151,catfish
243176,sage finger
243459,pearl sugar
243644,peppermint ice cream
243955,smirnoff
244165,smith apple matchstick
244180,brioche
244277,pre crepe
244346,mrs
244361,vanilla non
244605,liter vodka
244895,whole
245455,udon
245492,liter rum
246100,gruyère comté
246244,green arugula
246598,microgreens
246625,dog half
246639,tomato sieve
247038,brown orange
247055,rockfish
247234,rice innovasian
247378,smith apple thick
247511,rice syrup
247589,curacao
248191,towel
248369,tuna oil
248455,beluga
248491,chicory
248625,grade
248628,haddock cod
248748,batter
248823,balsamic
249040,flavor fruit
249059,spring mix
249070,portabella
249197,macaroni pasta
249399,germinated
249515,frankfurter dia
249744,diakon
250227,style shredded cheese
250232,bartlett
250328,chili pepper flake
250386,bag romaine
250501,style pickle
250545,digiorno
250679,cheese beecher
250881,sheep
251040,iceberg
251318,walnut vinaigrette
251328,goya blackeye
251516,ranch hidden
251736,salami inch cube
251773,rock
251989,jalapeno olive
252207,melon liqueur
252258,pistolette
252312,remoulade
252458,roux
252832,bag field
252912,lime vodka
253000,peychaud bitter
253231,flounder
253351,beech
253405,shiso
253415,england
253477,cane syrup
253931,kool
254058,strawberry milk powder
254080,grape sport
254087,flour whitelily
254275,parmesan asiago
254304,’ s
254487,papaya seed
254556,cajun tex
254611,roll bread
254797,salsa chile
254836,bacon salt
254843,seafood stock
254852,clam meat
255165,preserve smucker
255203,cherrystone
255229,crab crabmeat
255230,crab claw
255351,dog casing
255488,brownie
255533,west
255674,baby clam
255682,almond liqueur
255908,claw
256177,strawberry juice
256270,potatoes
256398,rough
256685,kala
256747,blend frozen vegetable
256776,mushroom broth
257152,pink bean
257170,keystone
257255,ez
257754,piri
257777,drum
258633,shark
259058,vegetable cauliflower broccoli carrot
259063,watermelon rind
259087,dill juice
259313,sauce classico
259713,brown mushroom
259727,fiddlehead
260761,half *
261914,sweetpotato
262079,guanciale
262775,banana chip
263140,jar northern
263165,knockwurst
263201,chocolate peppermint
263265,whole goose
263333,kitchen
263334,sage rubbed
263508,goose
263558,corn *
263572,cream milk
263929,tomato salt
263935,wine juice
264245,gray
264345,thai broth
265221,vein
265421,pepitas seed
265690,stinging nettle
265723,zang
266473,oyster liquor
266484,oyster cracker
266681,rice cracker
267049,ancho chilies
267064,shrimp powder
267236,seasoning spike
267260,english seedless
267333,romano bean
267433,broccoli crown
267717,epazote
268142,yakisoba sauce
268157,sambal sauce
268160,sauteed
268347,torn
268500,broccoli thawed
268531,cow® light
268596,sticker
268904,lentil daal
269317,fresca cream
269526,masoor
269634,o'brien hash
269852,ramyonsari
270113,siu
270159,powder mexene
270443,roe
270456,walleye
270521,vegan
270919,parmagiano reggiano
271142,lobster base
271150,sunchoke
271378,turnip bulb
271734,brown sauce
271821,goat shank
271848,shrimp stock
272428,spaghetti capellini
272460,sardine
272464,chestnut puree
272516,container bruschetta
272883,elbow pasta
272924,® strip
272997,ronzoni
273285,gnocchetti
273340,® marinara
273482,® prosciutto
273875,salmon lox
274385,campanelle
274547,butter margarine
274568,penne
274733,tipo flour
274738,hair
274829,bridges
275259,thai
275528,zaatar
275694,style corn pepper
275748,mein
275997,enhancer
276288,goat feta
276309,spinach *
276319,walnut pesto
276474,chi
276525,jalapeno spread
276667,le
276942,pollock
277328,veggie pasta
277421,elbow shell
277734,ziti
277961,belgioioso mascarpone
278014,style blend sargento®
278050,width
278177,knudsen
278233,® farfalle
278338,fennel frond
278386,marsala cooking
278429,baby mozzarella
278599,container fraiche
278762,lobster ravioli
278811,broccoli floret
278816,fresh tomato
278928,lobster liquid
278966,linguini
279065,dog chili
279272,herb crumb
279448,chicken sausage trader
279516,conchiglie
279580,langostino
279901,pasta sauce classico
280136,basket cherry
280510,parmesan grated
280763,blanco cheese
281263,octopus
281298,pizza sauce prego
281841,fettucine
281927,bowtie
281959,fish stock
282159,salami strip
282658,⅔ package lasagna noodle
282730,rosa marina orzo pasta
282882,pepper pea
283001,⅔ jar sauce
283021,clam sauce
283072,® meat
283211,® triple
283439,basil oil
283580,baby cucumber
283848,goat log
284056,blend trader
284157,orange vinegar
284327,orange circle
284621,chickpea garbanzo
284731,olive half
284742,orange vinaigrette
284972,garbanzo
285187,canola mayonnaise
285600,basil paste
285841,potatoes onion
285887,egg *
286184,cameo
286228,style salmon
286275,burrata cheese
286337,creme vinegar
286351,globe
286481,bit cornnuts
286954,plum rom
287007,smith cube
287077,parmesan shaving
287122,jicama root
287232,rice pasta
287447,cubed
287501,liquid amino
287537,crab stick
287799,purslane
287855,gouda cheese inch cube
287898,wine sauce
288255,roasted wonderful
288518,belgian
288592,langostinos trader
288655,t.
288674,cream topping cool
288730,pesto seasoning
288746,duke
289174,pepitas
289188,boston bibb
289513,⅔ bean
289758,char
289787,farms™ sugar snap
289790,pantry™ cashews
289886,⅔ bottle oil vinegar salad
290209,rice colander
290313,early peas
290488,honey butter
290500,fordhook
290941,cream broccoli soup
291179,grille
291271,light syrup
291800,kroger
291879,heeng powder
292342,cauliflowerets
292493,garnet yam
292567,heat oil
292996,radish radish
293503,white pepper
293517,artichoke dip
293727,spaghetti sauce
294006,® poultry
294328,corn flour bob
294340,marcona
294847,ramekin
294989,bean *
295141,banana squash
295229,mayocoba bean
295317,sprig fresh
295373,semi cheese
295686,membrane
296080,pistachio pecan walnut garnish
296452,parmesan aged
296977,salt pea
297503,wegmans
297734,color cabbage
298150,pan squash
299082,dill cream
299312,jowl
299318,potato stick
299545,swiss gruyere
299605,annatto
300140,baby bok
300505,mulling
300552,cranberry raisin
300870,sweet butter
301518,irish cream
301607,count heart
301859,brioche bread
302433,confectioner
302541,schnapps
302579,thai serrano
302642,cinnamon bread
302937,brut
302967,bitter angostura
303168,salt vinegar
303209,smith apple thick piece
303294,® buttery
303297,naturegg™
303324,cut
303369,® juice
303383,soup *
303389,ida
303437,green bell pepper
303440,caramel bit
303496,flavored
303509,plain cream cheese
303515,odom
303569,style shredded four cheese touch off philadelphia
303595,mayo
303606,chocolate toffee
303737,ground cinnamon
303792,® asiago
303820,paneer
303859,decorating gel
303882,chocolate icing
303893,nuts
303897,candied
303933,icing
303951,oriental
304159,reese
304200,container biscuit
304224,pizza topping
304289,blend queso fresco
304338,berry strawberry
304387,vegetable rainbow
304454,and/or pepper
304479,vanilla flavor
304577,® boxed
304579,coca
304729,blend cheese garnish
304790,tomato grape
304878,® mango
304921,parmesan finely
305020,® irish cream
305107,coconut pink
305116,heinz sauce
305118,smith apple inch
305120,® kid
305126,cookies '
305184,loomi aswad
305201,vanilla yogurt greek
305235,packet sweet'n
305263,oat oat
305355,yeast *
305369,jack shredded
305422,room temperature
305486,spreads chocolate
305487,s'mores
305508,orange zest
305620,asafoetida powder
305631,fenugreek
305741,melted butter
305804,® berry
305830,onion chip
305843,cinnamon graham
305960,pita flatbread
306152,peppermint liqueur
306265,cheddar shredded
306280,chive scallion
306311,dal
306317,quark cream
306322,.5
306376,lychee juice
306381,sea
306523,mackerel
306611,fungus
306630,purple root
306734,rooibos
306757,pastry crust
306890,chile pod seed vein
306892,pork broth
307061,arrowroot starch
307266,godiva
307327,jasmine tea
307338,parmesan mozzarella
307483,rye flake
307729,pine nuts
308094,yogurt gopi
308129,chilean sea bass fillet
308208,shortening lard
308433,lowfat cream
308619,fluid %
308729,plum butter
308964,amarillo
309100,arepas flour
309521,peach vodka
309860,cubed breast
309984,vermouth wine
310116,penzy
310175,crema crema fresca
310300,farina cereal
310327,grass powder
310354,oelek paste
310505,cachaca
310534,carp
310554,tamarind pulp
310560,h e
310877,salmon fillet
310955,red leicester
310994,baby squid
311109,comte
311170,whole prawn
311315,treacle molasses
311519,anise candy
311654,egg juice
311714,meat juice
312250,romanesco
312265,fluid pisco
312527,bengal gram dal
312553,chihuahua cheese
312583,bhaji masala
312741,sorghum flour
312818,polenta cornmeal
312950,glaze vinegar
313007,sucanat
313246,cucumber peel
313386,u
313512,challah
313785,ruby grapefruit
313839,garlic juice
313910,okra pod
313928,sauce prego
313958,davinci
314109,europe best
314164,moida
314367,table
314467,cassava
314810,crookneck
315151,scamorza
315265,newfoundland
315477,lychee liqueur
315868,pisco rum
315904,semolina rava
316382,orange vodka
316386,raspberry vodka
316421,grenadine
316714,gaeta
317108,smelt
317284,all
317403,miso
317498,® beer
317796,abalone shell
318265,surimi
318290,whole trout
318385,branzino
318525,kitchen™ avocado oil
318677,soy steak
318779,dover
318810,ipa
318841,frond
319036,bream
319059,side
319244,carbohydrate tortilla
319369,plain
319491,radish sprout
320302,light oil
320427,skinless salmon
320444,steelhead
320707,guajillo chile sauce
320772,swai
321069,sprinkling
321150,perch
321492,halibut fillet
321980,balsamic cider vinegar
322064,lime pulp
322476,french bean
322496,rye cracker
322840,fish cod
322922,squeeze juice
322998,mayonnaise kewpie
323094,semi wine
323169,seafood seasoning
323235,® %
323458,herb mustard
323798,swerve
324278,arrowroot powder
324331,tomato chutney
325000,arepas
325087,pancake syrup
326084,blend vegeta
326403,overripe banana
326420,cream topping
326571,jalapeno yogurt
326751,rumford
326919,bologna bryan
326983,acai berry
327244,picante pepper trader
327279,pink wine
327385,whey
327420,pie spice trader
327588,potato puree
327890,teff
328125,spelt flour
328154,que
328570,soy sausage
329822,chocolate soy
329841,multigrain cereal
329852,chain
330045,black velvet
330298,berry fruit
330343,galbani
330745,vanilla milk
331157,skillet
331241,chicken egg
331646,gingerbread spice
332086,professional
332421,easter egg
332507,blueberry syrup
332673,scoop cream
332686,shortcake shell
332893,mills
333284,count biscuit
333963,ale beer
334228,potato yam
334229,pecan topping
335305,granulated
335494,red mill
335706,cereal fiber
335720,malitol
336377,orange oil
336464,manuka honey
336551,baking blend
337350,nigella seed
337481,beet greenery
337562,teff flour
338010,baker
338140,moisture butter
339337,pan
339354,infant rice
339365,tom sawyer
339618,plastic
340365,splenda sugar
340759,cereal raisin
340945,® hugs
341314,caramel macchiato
341503,fat bisquick
341599,buttermilk glaze
342246,spent grain
342292,sprinkle sugar
342338,mouth jar
342349,coach
343613,nonfat greek
344011,baking chip
344249,kelp powder
344389,banneton
344605,gut
345034,giblet gravy
345210,style corn giant®
345713,wolf
345770,hand
345810,campari
345950,sauerkraut filling
345954,potato cheese
346097,ouzo
346152,chutney patak
346158,scaloppini
346630,garden
346792,inch greek
346877,potato third
346983,scallion garnish
347446,clover
348125,cooper
348268,dog lengthwise
348783,seitan
348837,lorraine
348906,beef bean
349041,fennel sausage
349123,jalapeno chicken
349229,lunch meat
349287,deli
349513,balsamic vinaigrette
349558,citron vodka
349564,apple schnapps
349578,candy powder
349801,hemp powder
349832,biber turkish pepper
349868,pineapple rum
349870,adjust
349880,vanilla liqueur
349892,blue bird
349987,vanilla schnapps
350224,gevalia
350268,bottle chianti
350288,punch
350316,fluid tanqueray
350363,menthe
350589,chocolate vodka
350624,triple
350730,juice rose
350870,tray
351387,danish dessert
351498,liqueur kahlua
351611,sailor
351618,imitation butter
351622,cream soda
351736,syrup juice
352072,drink
352082,chick peeps
352098,pinenuts
352118,curl
352123,nasturtium
352516,mason
352525,raspberry rum
352571,brine cheese
352629,coconut juice
352673,bar spoon
352807,hazelnut syrup
352880,sloe gin
353373,tomato seed
353468,sweet cocktail
353718,lemon rum
354109,smith apple firm apple inch thick
354440,key
354454,jalapeno seed
354468,e.g tia
354661,coffee yogurt
354704,apple jack
354751,styrofoam
354821,juicy
355071,moser
355290,apricot medium
355374,energy drink
355377,jagermeister
355531,stolichnaya
355763,absinthe
355780,irish mist
355826,dry wine
356059,coconut pineapple
356137,grape soda
356182,imagine
356189,™ traditional
356527,canadian whiskey
356552,meyer zest
356678,vanilla cola
356805,nabisco famous
356811,peppermint patties
356937,blue curacao
356971,sparkler
357085,mango rum
357183,puerto
357290,mints
357305,wilton
357308,elderberry
357348,bag ice
357686,pear vodka
357852,coconut liqueur
357912,limeade
358149,limoncello
358240,cheese maytag
358339,twist peel
358377,casera
358713,silver tequila
359062,® bun
359106,jagermeister liqueur
359176,beer hefeweizen
359207,ghost chile
359253,banana cream
359267,energy
359530,apple syrup
359588,fourth
360117,stabilizer
360164,champagne andre
360211,pie syrup
360271,orange bitter
360434,egg eggland
360467,leche
360591,maple liqueur
360656,dragon fruit
360695,lemon vodka
360791,caramel dip
361138,quesadilla
361245,gin tanqueray
361293,grands jr.
361301,ice cream smucker
361338,blanc
361500,cider woodchuck
361591,ghost peeps
361635,lan
